<?xml version="1.0" encoding="UTF-8" ?>
<module>
    <name>leoquicklogin</name>
    <displayName><![CDATA[Connexion rapide et ouverture de session de Leo]]></displayName>
    <version><![CDATA[1.0.9]]></version>
    <description><![CDATA[Leo Connexion rapide et connexion sociale pour Prestashop 1.7]]></description>
    <author><![CDATA[Leotheme]]></author>
    <tab><![CDATA[front_office_features]]></tab>
    <is_configurable>1</is_configurable>
    <need_instance>0</need_instance>
	<limited_countries></limited_countries>
</module>